"id","title","author","genre_sugerido","confianca","assuntos_encontrados"
"c24b1be5-8438-4916-a371-fd4f28a570ad","12 Regras Para a Vida","Jordan B. Peterson","SEM SUGESTÃO","0",""
"639e9729-eda6-4fe5-bcb4-7e4ade7f7eed","1499: O Brasil Antes de Cabral","Reinaldo Jose Lopes","SEM SUGESTÃO","0",""
"1080f3d9-250d-4393-a680-0d0dac6522ec","2001: Uma Odisseia no Espaco","Arthur C. Clarke","SEM SUGESTÃO","0",""
"81c79785-a995-4a43-a835-0f2c6ce84070","20th Century Boys Vol. 1","Naoki Urasawa","SEM SUGESTÃO","0",""
"c417d832-0338-4d41-8806-558905bf0cf2","21 Licoes para o Seculo 21","Yuval Noah Harari","SEM SUGESTÃO","0",""
"f887e46a-41b0-4450-993a-5d2e9bdae89b","A Arte da Guerra","Sun Tzu","SEM SUGESTÃO","0",""
"8b776ca4-dc81-4360-912a-c6b17831f219","A Assombracao da Casa da Colina","Shirley Jackson","SEM SUGESTÃO","0",""
"b8e9a89e-a80b-4dc1-bb5d-0f8ac6592c47","A Batalha do Labirinto","Rick Riordan","SEM SUGESTÃO","0",""
"2be045c5-78dc-49f4-b3e2-96269b87dba8","A Biblioteca da Meia-Noite","Matt Haig","SEM SUGESTÃO","0",""
"229b351d-29ef-42bf-b82b-0cfe074407e1","A Bússola de Ouro","Philip Pullman","SEM SUGESTÃO","0",""
"d7203bbe-bd47-442c-9004-0a3e464b2301","A Cancao de Aquiles","Madeline Miller","SEM SUGESTÃO","0",""
"57b958e4-ad21-4118-8440-5642dcefbf2b","A Casa dos Espiritos","Isabel Allende","SEM SUGESTÃO","0",""
"ca3f9e19-25f1-46fd-b576-c7275affb390","A Catedral do Mar","Ildefonso Falcones","SEM SUGESTÃO","0",""
"c8b19c38-ef48-4678-b289-1b7f443507ea","A Cidade do Sol","Khaled Hosseini","SEM SUGESTÃO","0",""
"c4712b33-f41e-4aa5-ab85-9f12d0fdf2e1","A Cinco Passos de Voce","Rachael Lippincott","SEM SUGESTÃO","0",""
"a1542472-bc44-4d28-bab7-e47dd2f68120","A Cor Purpura","Alice Walker","SEM SUGESTÃO","0",""
"2a9ef953-8dea-44e2-a8ef-eda466e89460","A Coroa de Ossos Dourados","Jennifer L. Armentrout","SEM SUGESTÃO","0",""
"b8e5254b-17e0-4e86-8220-a37b07fee238","A Culpa e das Estrelas","John Green","SEM SUGESTÃO","0",""
"aaf9cc97-8202-40dc-8388-b558212fcf1d","A Entidade","Frank De Felitta","SEM SUGESTÃO","0",""
"2239cd11-5a38-4e0f-b60c-b90e2c2c9814","A Era dos Extremos","Eric Hobsbawm","SEM SUGESTÃO","0",""
"60e6b52c-0cc9-4285-acb8-37e6f59f5362","A Estrada da Noite","Joe Hill","SEM SUGESTÃO","0",""
"32abe94a-d5e2-4cbb-a990-fe3f3835b331","A Estrategia do Oceano Azul","W. Chan Kim e Renee Mauborgne","SEM SUGESTÃO","0",""
"13b01d55-88a2-451b-a259-c5cd69cd9d0c","A Estrutura das Revolucoes Cientificas","Thomas Kuhn","SEM SUGESTÃO","0",""
"47e4d0fb-f57b-4e22-80bc-1c6067212d1b","A Garota no Trem","Paula Hawkins","SEM SUGESTÃO","0",""
"edf080d4-a66a-4772-98b3-d33b47a7df75","A Guerra dos Mundos","H. G. Wells","SEM SUGESTÃO","0",""
"bbd9b7ca-0237-439e-a538-1f152b594b6d","A Guerra dos Mundos","H.G. Wells","SEM SUGESTÃO","0",""
"042e36e7-494c-4fdb-be7f-72ba080cf0b4","A Hipotese do Amor","Ali Hazelwood","SEM SUGESTÃO","0",""
"be41e1d5-b3a8-42fc-aa32-79d64cd02f9f","A Hora da Estrela","Clarice Lispector","Romance","1","Fiction, psychological | Rio de janeiro (brazil), fiction | Fiction | Brazil | Macabea | Rio de Janeiro | Fiction, general | Romance literature | Romance brasileiro | Fiction, women | Fiction, hispanic & latino | Portuguese fiction | Translations into English | Manuscripts | Facsimiles | Hora da estrela (Lispector, Clarice)"
"0ed14b71-6f04-48ed-ad63-8c6ae9eb9050","A Hora do Vampiro","Stephen King","SEM SUGESTÃO","0",""
"52ef2e3e-3e6d-495a-9004-c3cdb0cf058c","A Mao Esquerda da Escuridao","Ursula K. Le Guin","SEM SUGESTÃO","0",""
"05b06949-0b9c-4e09-9b23-a1bec0ea7da3","A Maquina do Tempo","H.G. Wells","SEM SUGESTÃO","0",""
"b329fac9-4f5e-4a84-a789-33953d1d9a22","A Menina que Roubava Livros","Markus Zusak","SEM SUGESTÃO","0",""
"a7fbd729-f099-4d51-aea7-531347e4b9e5","A Meta","Eliyahu M. Goldratt","SEM SUGESTÃO","0",""
"6dcf45e9-aff4-4cb4-a1d9-7cb859a92666","A Metamorfose","Franz Kafka","SEM SUGESTÃO","0",""
"2b1e388f-0051-427d-a1cc-e945e0ce6073","A Mulher na Janela","A. J. Finn","SEM SUGESTÃO","0",""
"40a164fa-8661-4c08-a1dc-82f616a47145","A Náusea","Jean-Paul Sartre","SEM SUGESTÃO","0",""
"a0d57016-7b8f-407f-bb2e-224979b28a12","A Origem das Especies","Charles Darwin","SEM SUGESTÃO","0",""
"ba49f06e-3d0b-45dd-a207-a56d8ee3eba8","A Paciente Silenciosa","Alex Michaelides","SEM SUGESTÃO","0",""
"581dc6e8-5980-4e0e-a679-b055ac1a3c9d","A Peste","Albert Camus","SEM SUGESTÃO","0",""
"64d87a1c-bf1c-4a2f-a356-50c68d3e108f","A Piada Mortal","Alan Moore","SEM SUGESTÃO","0",""
"639273f0-c986-4e88-97bc-2ad94382061b","A Piada Mortal","Alan Moore e Brian Bolland","SEM SUGESTÃO","0",""
"e3ae12b6-ddb6-4d29-8ab2-6e075a96daf7","A Psicologia Financeira","Morgan Housel","SEM SUGESTÃO","0",""
"181e8fc4-cd75-422e-8858-bcc5e06a2901","A Rainha Vermelha","Victoria Aveyard","SEM SUGESTÃO","0",""
"110e74cc-069e-42a8-b737-6a256f5a5735","A Rebeliao de Atlas","Ayn Rand","SEM SUGESTÃO","0",""
"de304340-5483-47f8-9bd2-fd6fedb170ba","A Republica","Platao","SEM SUGESTÃO","0",""
"e82e88b0-1a2b-45d1-ba4f-5ba8ea87ac2c","A Revolucao dos Bichos","George Orwell","SEM SUGESTÃO","0",""
"5f384882-f7ab-420a-9781-efc8d272a25f","A Seleção","Kiera Cass","SEM SUGESTÃO","0",""
"1275721e-1e9f-4531-b731-e8e464d4b018","A Sociedade do Anel","J.R.R. Tolkien","SEM SUGESTÃO","0",""
"97e337ff-26bf-49dc-98e7-53cfc2f9f38f","A Sociedade do Cansaco","Byung-Chul Han","SEM SUGESTÃO","0",""
"3d901026-00f9-4b2e-8439-da9fc0e3883b","A Startup Enxuta","Eric Ries","SEM SUGESTÃO","0",""
"57d869a4-303e-4ebc-bf88-d0b17c6e5932","A Sutil Arte de Ligar o Foda-se","Mark Manson","SEM SUGESTÃO","0",""
"b476bf84-a927-437f-8061-bdfb9ee025c9","A Troca","Victor LaValle","SEM SUGESTÃO","0",""
"8710eaff-50b7-4fbe-b96c-abd1f1783148","A Vida Invisivel de Addie LaRue","V.E. Schwab","SEM SUGESTÃO","0",""
"6806b5e4-6918-4482-a3be-cd1cd86c3b7c","A Volta do Parafuso","Henry James","SEM SUGESTÃO","0",""
"94d3e768-cfec-4996-9013-508f5850fa4c","Admiravel Mundo Novo","Aldous Huxley","SEM SUGESTÃO","0",""
"f3d7bba8-8255-48c0-9744-363c551b7ad6","Akira Vol. 1","Katsuhiro Otomo","HQs","3","Teenagers | Comic books, strips | Science fiction | Graphic novels | Comics & graphic novels, manga, science fiction | Japanese Science fiction"
"29c3e29e-0447-495a-9bf3-247799fc4cd3","Algoritmos para Viver","Brian Christian","SEM SUGESTÃO","0",""
"e7aba176-e168-4d89-a216-60f36d6158ae","Alice no Pais das Maravilhas","Lewis Carroll","SEM SUGESTÃO","0",""
"29eb600e-2336-4d04-b18c-76b3c76455f9","Amor e Gelato","Jenna Evans Welch","SEM SUGESTÃO","0",""
"45945530-8e9b-4534-a7d7-8abee24efa8a","Androides Sonham com Ovelhas Eletricas?","Philip K. Dick","SEM SUGESTÃO","0",""
"0271c373-ecaa-4488-85a8-c52ab2c9ea6c","Aniquilacao","Jeff VanderMeer","SEM SUGESTÃO","0",""
"c30c9771-f26b-4117-8450-69e6c21e1041","Anjos e Demonios","Dan Brown","SEM SUGESTÃO","0",""
"0989a64c-34b4-4a61-91b6-92a8986f99b7","Anna Karenina","Liev Tolstoi","SEM SUGESTÃO","0",""
"5d8b4c76-7e61-4a69-a609-cf46246634b9","Anna Karenina","Lev Tolstoi","SEM SUGESTÃO","0",""
"5982e787-0aef-4faf-ae9b-747e9127a1f3","Ansiedade: Como Enfrentar o Mal do Seculo","Augusto Cury","SEM SUGESTÃO","0",""
"7a3868e4-ab70-43e1-8508-36cd535857b7","Antes de Dormir","S.J. Watson","SEM SUGESTÃO","0",""
"3068b74c-afe5-4cb3-9807-e58e9f7ade31","Antes de Dormir","S. J. Watson","SEM SUGESTÃO","0",""
"9e4babb3-58c6-40d6-a680-b26ec7cbafe0","Aristoteles e Dante Descobrem os Segredos do Universo","Benjamin Alire Saenz","SEM SUGESTÃO","0",""
"cba167b4-87f1-42df-ab9f-5699c9b4272e","Armas de Destruicao Matematica","Cathy O Neil","SEM SUGESTÃO","0",""
"d5b6d887-7cc1-4133-8829-517a02a8801d","As Duas Torres","J.R.R. Tolkien","SEM SUGESTÃO","0",""
"154326e0-a3ae-4c31-ac64-6d262f6b189c","As Vantagens de Ser Invisivel","Stephen Chbosky","SEM SUGESTÃO","0",""
"52c89417-a25c-4152-a3c9-499a7d830769","Assassinato no Expresso do Oriente","Agatha Christie","SEM SUGESTÃO","0",""
"05a4f284-9de5-4aa4-a1f5-3bf1dae22dd6","Assim Falou Zaratustra","Friedrich Nietzsche","SEM SUGESTÃO","0",""
"4f7d5a05-8779-483b-ad79-73a4973fb3ae","Ataque dos Titas Vol. 1","Hajime Isayama","SEM SUGESTÃO","0",""
"9174b789-27b9-4dac-b838-ae82fbc76166","Attack on Titan Vol. 1","Hajime Isayama","HQs","3","Giants | Comic books, strips | Good and evil | Comics & graphic novels, manga, science fiction | nyt:graphic-books-and-manga=2021-08-15 | New York Times bestseller | Giants--comic books, strips, etc | Good and evil--comic books, strips, etc | Graphic novels | Horror comic books, strips, etc | Comic books, strips, etc | Comic books, strips, etc--japan | Pz7.7.i74 at 2012 | Pn6790.j34 s53213 2014 | 741.5/952 | Comics & graphic novels, east asian style, manga, science fiction | nyt:manga=2012-07-15"
"1b9436b3-d2c3-423f-acc1-d644e6f005e9","Batman: Ano Um","Frank Miller e David Mazzucchelli","SEM SUGESTÃO","0",""
"b10062fd-d74f-4660-a011-7784fe64f93a","Batman: Ano Um","Frank Miller","SEM SUGESTÃO","0",""
"0a1114b1-56e9-4e62-a51e-b41842336f02","Batman: O Cavaleiro das Trevas","Frank Miller","SEM SUGESTÃO","0",""
"5cfd5516-a07d-4b2b-8fd2-8798056a65b6","Berserk Vol. 1","Kentaro Miura","SEM SUGESTÃO","0",""
"f6ab0fb6-cc9d-4bdf-9969-2185fd050c3f","Bird Box","Josh Malerman","Terror","1","Fiction, horror"
"302c781a-b66b-49f9-85ea-fcd985f0ed79","Blade Runner: Androides Sonham com Ovelhas Eletricas?","Philip K. Dick","SEM SUGESTÃO","0",""
"47b2aee3-e4f0-4bfd-ba7f-678fc36e6ce8","Blankets","Craig Thompson","HQs","3","nyt:paperback_graphic_books=2011-12-10 | New York Times bestseller | Long Now Manual for Civilization | Teenage boys | Families | Brothers | First loves | Catholic boys | Coming of age | Teenage artists | Comic books, strips | Sibling rivalry | Family life | Fiction | Autobiographical graphic novels | Bildungsromans | Graphic novels | Comics & graphic novels, general | Wisconsin, fiction | Family | bildungsroman | first love | Comics & graphic novels, nonfiction, biography & memoir | collectionID:EanesChallenge | Brothers, fiction | Families--comic books, strips, etc | First loves--comic books, strips, etc | Teenage boys--comic books, strips, etc | Coming of age--comic books, strips, etc | Teenage artists--comic books, strips, etc | Sibling rivalry--comic books, strips, etc | Brothers--comic books, strips, etc | Pn6727.t48 b58 2003 | 741.5/973"
"9dc955f2-2fba-4402-84d9-f3893cd1f2f0","Bleach Vol. 1","Tite Kubo","HQs","3","Fiction | Translations into English | Good and evil | Ghosts | Graphic novels | Soul | Comic books, strips | Comics & graphic novels, east asian style, manga, fantasy | Comics & graphic novels, east asian style, manga, science fiction"
"f6477e69-4622-4069-b2d5-8cafaa273dc8","Blue Lock Vol. 1","Muneyuki Kaneshiro","HQs","2","Comics & graphic novels, general"
"4689111c-6b36-4a49-a385-8b41d3433cb4","Brasil: Uma Biografia","Lilia Moritz Schwarcz e Heloisa Murgel Starling","SEM SUGESTÃO","0",""
"20266e26-f7a3-4076-82f3-f6c1203eb4a7","Breves Respostas para Grandes Questoes","Stephen Hawking","SEM SUGESTÃO","0",""
"c3e1d20c-45ce-42fe-a1e6-55a06ffc7a43","Capitaes da Areia","Jorge Amado","SEM SUGESTÃO","0","Brazilian fiction | Social conditions | Runaway children | Orphans | Fiction | Fiction, general | Brazil, fiction | Modern Literature | Translations | Portuguese fiction | Translations into English"
"2cd5911f-70c1-497a-807f-ff7b3f49ad37","Carmilla","Sheridan Le Fanu","Terror","2","English Fantasy fiction | Fantasy fiction, English | Fiction | Lesbians | Vampires | Fiction, horror | Fiction, mystery & detective, general | Austria, fiction | Vampires, fiction | Gothic Fiction | Horror | Ireland, fiction | Vampires--fiction | Pr4879.l7 c3 2013 | 823/.8 | Pr4879.l7 c3 2009 | English fiction | Horror tales | collection:Name | LGBTQ fiction before Stonewall"
"094786f7-83da-4ed3-b6bf-9af47984e1bd","Carrie","Stephen King","Terror","2","occult & supernatural fiction | horror fiction | psychological thrillers | Fiction | Horror | American Horror tales | thriller | Epistolary novel | telekinesis | Menarche | proms | menstruation | telepathy | banned book | Estudiantes de escuelas secundarias | Psicocinética | Psychokinesis | Teenage girls | Social isolation | High school students | Madres e hijas | Mothers and daughters | Ficción | Aislamiento social | Child abuse | Bullying | Supernatural | Horror stories | Fiction, horror | Belonging | FICTION / Horror | FICTION / Occult & Supernatural | FICTION / Thrillers / Psychological | Elèves du secondaire | Romans | Horreur | Psychokinésie | Violence envers les enfants | Good and evil | Revenge | Bullies | English fiction | Translations into Spanish | Escuelas secundarias | Novela | Estudiantes | Abuso de niños | Novela inglés | Traducciones en español | Cuentos populares de terror | Spanish language materials | Estudiantes de escuela secundaria | Psicokinesis | Novela inglesa | Traducciones al español | American literature | Arabic language | White, carrie (fictitious character), fiction | Chamberlain (me. : imaginary place), fiction | Maine, fiction | Large type books | Science Fiction - General | King, Stephen - Prose & Criticism | Fiction - Horror | Classics | Horror - General | Horror & ghost stories | collection:Name"
"b692ac8d-94a0-4ed6-8304-dd13592de646","Cartas a Lucilio","Seneca","SEM SUGESTÃO","0",""
"ec94bcb1-4853-48ca-a93b-6c7b5c329838","Cem Anos de Solidao","Gabriel Garcia Marquez","SEM SUGESTÃO","0",""
"3f08987a-aefb-4fd1-8a24-c521107571fb","Chainsaw Man Vol. 1","Tatsuki Fujimoto","Mangás","1","Literature | nyt:graphic-books-and-manga=2021-04-11 | New York Times bestseller"
"f95b7ec4-eeb9-497d-be9b-31957d1afa63","Cidade dos Ossos","Cassandra Clare","SEM SUGESTÃO","0",""
"c2072aca-4949-404b-b6d7-5b9733a0fa11","Clean Code","Robert C. Martin","Tecnologia","1","Agile software development | Reliability | Computer software | Computer software, development | Coding theory"
"f359f2b9-8d1a-4393-b21f-9f9130f968bc","Comece pelo Porquê","Simon Sinek","SEM SUGESTÃO","0",""
"486225af-b622-4c5e-8159-2c824b76605a","Como Eu Era Antes de Voce","Jojo Moyes","SEM SUGESTÃO","0",""
"5757409f-aee4-470d-a08c-9940640e335d","Como Fazer Amigos e Influenciar Pessoas","Dale Carnegie","Desenvolvimento Pessoal","1","Self-help techniques"
"fb31876c-8139-4566-83a5-805943cfa3d8","Confesse","Colleen Hoover","Romance","1","Man-woman relationships | Artists' studios | Artists | Secrets | Confession | Fiction | Fiction, romance, contemporary | New York Times bestseller | Ateliers d'artiste | Romans, nouvelles | Relations entre hommes et femmes | Artistes | Man-woman relationship | Secrecy"
"96df3be9-bde3-424c-ab18-c2ae678c2914","Confissoes","Santo Agostinho","Filosofia","1","Christianity | Philosophy | Philosophy and religion | Biography"
"82b8774a-5d69-4ad3-872c-a19bdcab9f5f","Contato","Carl Sagan","SEM SUGESTÃO","0",""
"a50227df-e686-497b-9d47-e7defefecfab","Coraline","Neil Gaiman","HQs","3","Fantasy | Paranormal fiction | Juvenile fiction | Graphic novels | Children's literature | Fiction | Hugo Award Winner | Supernatural | award:hugo_award=novella | Horror stories | award:hugo_award=2003 | Comic books, strips | Horror tales | Supernatural -- Juvenile fiction | Young adult fiction | Blind | Books and reading | Young adult literature | Fantasy fiction | Horror fiction | Children's fiction | Supernatural, fiction | Large type books | Children's stories | Littérature fantastique américaine | Comics & graphic novels, horror | Tweens | Children's Books/Ages 9-12 Fiction | collection:Name"
"3d725d54-c42f-4abc-ada7-137ccf928ece","Corte de Espinhos e Rosas","Sarah J. Maas","SEM SUGESTÃO","0",""
"8ea4aa72-b9b3-4adf-b0ac-7ebf2df31da7","Cosmos","Carl Sagan","Ficção Científica","1","Ouvrages de vulgarisation | Astronomie | Astronomy | Popular works | History | Science | Cosmology | Planetary science | Astronomy, popular works | Kosmos | Kosmosforschung | Raumfahrt | Weltall | Kosmologie | Einführung | Tong su du wu | Yu zhou xue | Outer space | Science and civilization"
"03900887-083b-449d-94c0-fce5ec52508f","Crime e Castigo","Fiodor Dostoievski","SEM SUGESTÃO","0",""
"e214e1ed-8075-4272-9ab9-7747f14c8e85","Crítica da Razao Pura","Immanuel Kant","SEM SUGESTÃO","0",""
"7a475dc5-b05a-4a4f-a52f-0dd5f3f11ee9","Daisy Jones & The Six","Taylor Jenkins Reid","SEM SUGESTÃO","0","Musicians, fiction | Fiction, women | Los angeles (calif.), fiction | Man-woman relationships, fiction | Fiction, historical | nyt:combined-print-and-e-book-fiction=2019-03-24 | New York Times bestseller | New York Times reviewed | Women rock musicians | Fiction | FICTION / Contemporary Women | FICTION / Literary | FICTION / Sagas | Nineteen seventies | Rock groups | Man-woman relationships"
"a7a299cb-90f0-41f5-85c1-3df02dd9815c","Dark Matter","Blake Crouch","Suspense","3","Kidnapping | Fiction | Reality | Science Fiction | Psychological | New York Times bestseller | Technological | Suspense | Thrillers | Mystery"
"c1029670-cdaa-4a9e-b6a7-9c36bbb1ef02","De Zero a Um","Peter Thiel","SEM SUGESTÃO","0",""
"12a3520f-8bfd-4a13-8e16-95a250229bd7","Death Note Vol. 1","Tsugumi Ohba","HQs","3","series:death_note | Good and evil | Criminals | Death | Students | Notebooks | Comic books, strips | Fiction | United States | United States. Federal Bureau of Investigation | Fantastique | Bandes dessinées | Mort | Adolescents | Mangas | Comics & graphic novels, east asian style, manga, crime & mystery | Comics & graphic novels, east asian style, manga, fantasy"
"0242f723-ccaa-444c-991f-6b634c6ae173","Deep Work","Cal Newport","Negócios","3","Mental work | Distraction | Success | Cognition | Mental fatigue | BUSINESS & ECONOMICS / Time Management | Labor productivity | Employee motivation | Attention | Distraction (Psychology) | Success in business | Achievement | Commerce | Thinking | Digitalisierung | Aufmerksamkeit | Wettbewerb | Fähigkeit | Erfolg"
"27984d27-6e69-445d-a4f7-48c7da369c73","Demolidor: A Queda de Murdock","Frank Miller","SEM SUGESTÃO","0",""
"03b98f24-f4b2-4576-93e7-cc9654723864","Demon Slayer Vol. 1","Koyoharu Gotouge","SEM SUGESTÃO","0",""
"4be39609-ff6c-45d6-bccc-7664ebb5f990","Designing Data-Intensive Applications","Martin Kleppmann","Tecnologia","2","Development | Web site development | Application software | Database management | Databases | COMPUTERS | Desktop Applications | Project Management software | Application software--development | Tk5105.888 .q44 2017 | 005.276"
"80ba2297-6276-40d1-8106-ec0f92a776e9","Divergente","Veronica Roth","SEM SUGESTÃO","0",""
"4a6647cc-81be-4e92-bd82-171bf487e8a9","Dom Casmurro","Machado de Assis","História","2","Religious | Fiction | Reminiscing in old age | Adultery | Authorship | Catholics | Catholic Church | Latin American literature | History and criticism | General | Brazilian literature | Historical fiction | Brazilian fiction"
"590b0ee1-5a51-4763-9504-f985fda17801","Domain-Driven Design","Eric Evans","Tecnologia","3","Development | Computer software | Object-oriented programming (Computer science) | Computer software, development | Computer software--development | Qa76.76.d47 e82 2004 | 005.1"
"3a10353c-e80a-4037-be10-3f884d8d0b05","Dracula","Bram Stoker","Terror","2","English literature | Fiction | Horror | Horror stories | Horror tales | Monsters | Thriller | Vampires | Vampires in literature | Horror fiction | Irish authors | Epistolary novels | Romanians | British | Psychological fiction | Textbooks for foreign speakers | Readers for new literates | Romania, fiction | England, fiction | Vampires, fiction | Fiction, horror | Dracula, count (fictitious character), fiction | British and irish fiction (fictional works by one author) | Fiction, fantasy, general | Adaptations | Fiction, gothic | Dictionaries | French | German | Spanish | Literature | Stoker, bram, 1847-1912 | Horror tales, history and criticism | Fiction, psychological | Fiction, historical, general | Film and video adaptations | English Horror tales | History and criticism | County Dracula (Fictitious character) | Vampiros | Novela | Dracula (Personaje literario) | 18.05 English literature | Count Dracula (Fictional character) | Fiction, ghost | Literature, study and teaching | Irish fiction | Dracula (Stoker) | Dracula i litteraturen | Dracula (Stoker, Bram) | Literary criticism | Gothic literature | British and irish drama (dramatic works by one author) | Dracula, count (fictitious character), drama | English language, rhetoric | Science fiction, fantasy, horror | Drama | Science fiction | Romans, nouvelles | Classics | Action & adventure | Temples | Legends | Religion | Long Now Manual for Civilization | Criticism and interpretation | Hypnotisme | Roman | Science-fiction | Film adaptations | Sobrenatural | Gothic Art | Fiction, general"
"1b25c5d1-40d9-481f-92f6-d95e918a81ce","Dragon Ball Vol. 1","Akira Toriyama","SEM SUGESTÃO","0","dragon ball"
"3a114031-9ca8-4190-89da-acf8c9243fe4","E Assim que Acaba","Colleen Hoover","SEM SUGESTÃO","0",""
"1c28a13a-f855-4985-b1e1-23a427a8bcf5","E Nao Sobrou Nenhum","Agatha Christie","SEM SUGESTÃO","0",""
"634c5c39-6aa5-4b7c-9109-936d24a6e66f","Elantris","Brandon Sanderson","Fantasia","1","Princes | Blessing and cursing | Fiction | Princesses | City and town life | Fiction, fantasy, epic | FICTION / Fantasy / Epic | Fantasy fiction | Fiction, fantasy, general | Bénédiction et malédiction | Romans, nouvelles | Vie urbaine | Fantasy | Epic | Klątwa | Wojna"
"d0787028-7d74-4532-a650-ec4d5c8b344d","Eleanor & Park","Rainbow Rowell","Romance","2","Love & Romance | Love | JUVENILE FICTION | Teenagers | Fiction | Bullying | First loves | Dating (Social customs) | High schools | Schools | Romance-language fiction | History | Love stories | Young adult fiction, social themes, bullying | Young adult fiction, social themes, physical & emotional abuse | Young adult fiction, romance, contemporary | Romance fiction | American Romance fiction | Teenage literature | JUVENILE FICTION / Love & Romance | nyt:young-adult-hardcover=2015-08-30 | New York Times bestseller | New York Times reviewed | nyt:young-adult=2013-03-31 | Family | friendship | Audiobooks | Ficción juvenil | Escuelas | Noviazgo | Escuelas secundarias | Spanish language materials | Large type books | collectionID:EanesChallenge | Man-woman relationships | Relations entre hommes et femmes | Romans, nouvelles, etc. pour la jeunesse | Amours | Écoles secondaires | Comic books, strips | Siblings | Histoires d'amour | Romans, nouvelles | Écoles | Roman adolescent anglais | Roman d'amour | collectionID:ConroeChallenge | Harcèlement | Différence (philosophie) | Dating | collectionID:bannedbooks"
"3c1c5d56-4aa6-4e14-9cb2-7da9a031ef62","Emma","Jane Austen","Romance","2","Social life and customs | Mate selection | Fiction | Fathers and daughters | open_syllabus_project | Historical Fiction | Female friendship | Young women | Classic Literature | Love stories, English | Reading Level-Grade 7 | Reading Level-Grade 9 | Reading Level-Grade 8 | Reading Level-Grade 11 | Reading Level-Grade 10 | Reading Level-Grade 12 | Manners and customs | British and irish fiction (fictional works by one author) | England, fiction | Woodhouse, emma (fictitious character), fiction | Young women, fiction | Great britain, social life and customs, fiction | Austen, jane, 1775-1817 | Fathers and daughters, fiction | Fiction, coming of age | Fiction, humorous | Friendship, fiction | English literature | Fiction, romance, general | Large type books | Emma Woodhouse (Fictitious character) | Romance fiction | English fiction | Fiction, humorous, general | FICTION / Classics | FICTION / Historical | FICTION / Literary | Love stories | Humorous fiction | English literature, history and criticism, 19th century | Friendship | England | Courtship | Juvenile fiction | Children's stories | English literature, outlines, syllabi, etc. | Man-woman relationships, fiction | General | Humorous stories | England -- Fiction | Young women -- Fiction | Fathers and daughters -- Fiction | Bildungsromans | Mate selection -- Fiction | Female friendship -- Fiction | Readers | Literature and fiction (general) | Blind, books and reading | English language, juvenile literature | Pères et filles | Romans, nouvelles | Amitié féminine | Choix du conjoint | Jeunes femmes | Romance | Humorous | Zhang pian xiao shuo | Fiction, general | Young women--fiction | Fathers and daughters--fiction | Female friendship--fiction | Pr4034 .e5 2001 | 823/.7 | Austen, jane , 1775-1817 | Woodhouse, emma | Mate selection--fiction | Young women--england--fiction | Pr4034 .e5 2012 | Children's fiction | Classics | Historical | Literary | Contemporary women | English & college success -> english -> fiction | Long Now Manual for Civilization | Otcové a dcery | Přátelství | Zamilovanost | Humoristický román | Upper class | Man-woman relationships | Classes supérieures | Relations entre hommes et femmes | Amours | Mœurs et coutumes | English Love stories | collection:Name | English Romance fiction"
"9993876f-cc3b-460c-ba5a-a18b33082ca0","Empresas Feitas para Vencer","Jim Collins","SEM SUGESTÃO","0",""
"0c18aabf-da77-4fe2-a69a-9faf228a4be8","Encontro com Rama","Arthur C. Clarke","SEM SUGESTÃO","0",""
"57282fb1-366f-4b36-926f-faf998f7d564","Ensaio sobre a Cegueira","Jose Saramago","Ficção Científica","1","Blind | Blindness | Fiction | Modern Literature | Allegories | Psychological fiction | Psychology | Epidemics | Survival | Blind in literature | Violence | Large type books | Novela | Portugal | Dystopian | Literary Fiction | Disease Outbreaks"
"f84c8169-1a25-4d6e-ae35-9b409e6b801b","Entendendo Algoritmos","Aditya Bhargava","SEM SUGESTÃO","0",""
"5485ace8-cde4-42fc-8f49-da917c6a65cb","Entrevista com o Vampiro","Anne Rice","SEM SUGESTÃO","0",""
"4c43b401-2433-4d72-9466-c2cecacdd50d","Eragon","Christopher Paolini","Fantasia","4","Fantasy | Juvenile fiction | Dragons | Magic | Fiction | violence | dwarves | humans | fighting | adventure | war | elves | young adult fiction | Action & Adventure | Fantasy fiction | American Fantasy fiction | Mythical Creatures | Animals | Epic | Youths' writings | nyt:series-books=2008-10-05 | New York Times bestseller | Heather's Pick | Magia | Adventure and adventurers | nyt:series_books=2011-06-11 | Ficción juvenil | Novela fantástica | Science Fiction, Fantasy, & Magic | Fiction - Science Fiction | Fiction - Fantasy | Spanish: Grades 3-4 | Fantasy - General | Fairy Tales & Folklore - General | Fairy Tales & Folklore - Single Title | Reading Level-Grade 7 | Reading Level-Grade 6 | Reading Level-Grade 9 | Reading Level-Grade 8 | Reading Level-Grade 11 | Reading Level-Grade 10 | Reading Level-Grade 12 | Children's fiction | Dragons, fiction | Spanish language materials | Dragones | Novela juvenil | Adventure and adventurers, fiction | Magic, fiction | Romans, nouvelles, etc. pour la jeunesse | Fantasmes | Young men | Juvenile literature | Roman pour la jeunesse | Science fiction | Juvenile Fantasy | American fiction | Translations into German | German language materials | Phantastische Erzählung | Romans, nouvelles | Écrits de jeunes | Flucht | Bedrohung | Drache | Männliche Jugend | Das Gute | Erwachsenwerden | Das Böse"
"6874c9a9-9623-4829-b846-e3198b3b7e02","Essencialismo","Greg McKeown","SEM SUGESTÃO","0",""
"b0556840-369b-4b26-a92d-0fc6dad500e8","Etica a Nicomaco","Aristoteles","Filosofia","1","Ethics | Early works to 1800"
"a8a286bd-ef55-489d-b85e-9fa8992dc6f1","Eu Sou a Lenda","Richard Matheson","SEM SUGESTÃO","0",""
"3857c85f-81f9-457d-ab3b-7741c889c615","Eu Sou Malala","Malala Yousafzai","SEM SUGESTÃO","0",""
"1cdd0a9c-ea27-4980-a7f8-c98026e8e6fa","Eu, Robo","Isaac Asimov","SEM SUGESTÃO","0",""
"4c78c6f0-db2f-4dbc-a39c-3cdf20927660","Extraordinario","R.J. Palacio","SEM SUGESTÃO","0",""
"eeb9c52e-7164-44d5-ace9-bda2764f16f9","Faça Tempo","Jake Knapp e John Zeratsky","SEM SUGESTÃO","0",""
"551c1ed7-f613-4ef5-8bac-72d1dbb8fc9a","Fahrenheit 451","Ray Bradbury","Ficção Científica","2","Mechanical Hound | girl next door | Long Now Manual for Civilization | Terrorismo estatal | Censura | Novela | Totalitarismo | science fiction | political fiction | satire | Zukunft | State-sponsored terrorism | Totalitarianism | Book burning | Censorship | Fiction | American Science fiction | Fictional Works | Terrorism | Reading Level-Grade 7 | Reading Level-Grade 9 | Reading Level-Grade 8 | Reading Level-Grade 11 | Reading Level-Grade 10 | Reading Level-Grade 12 | Fiction, dystopian | Fiction, science fiction, general | Fiction, political | Drama | Large type books | American literature | award:retro_hugo | Terrorismo | Totalitarianisms | Bücherverbrennung | Terrorisme d'État | Romans, nouvelles | Totalitarisme | Autodafé de livres | Zhang pian xiao shuo | Education | Language arts | Fiction, horror | Science fiction, american | Book burning--fiction | Censorship--fiction | State-sponsored terrorism--fiction | Totalitarianism--fiction | Ps3503.r167 f3 2012 | 813/.54"
"13295e7c-5da7-4cf7-87e7-d831307c408f","Fangirl","Rainbow Rowell","Romance","1","Authorship | Groupies | Fiction | Fanfiction | College | Fan fiction | YOUNG ADULT FICTION | Girls & Women | Fathers and daughters | Twins | Siblings | Characters and characteristics in literature | Universities and colleges | College freshmen | Self-Esteem & Self-Reliance | Family | College students | Juvenile fiction | Fans (Persons) | Coming of age | Social Themes | Sisters | nyt:young-adult=2013-09-29 | New York Times bestseller | Young adult fiction, school & education, college & university | Young adult fiction, romance, contemporary | Young adult fiction, coming of age | Young adult fiction, loners & outcasts | College freshmen--juvenile fiction | Fans (persons)--juvenile fiction | College students--juvenile fiction | Fan fiction--juvenile fiction | Characters and characteristics in literature--juvenile fiction | Fathers and daughters--juvenile fiction | Authorship--juvenile fiction | Sisters--juvenile fiction | Twins--juvenile fiction | Ps3618.o8755 f36 2013 | 813/.6"
"eadac650-b8c0-491c-821f-52edf310b383","Feitas para Durar","Jim Collins e Jerry I. Porras","SEM SUGESTÃO","0",""
"c61e165a-4c59-410b-b194-3512a9852ddf","Frankenstein","Mary Shelley","Terror","2","Frankenstein (Fictitious character) | Frankenstein's monster (Fictitious character) | Fiction | Victor Frankenstein (Fictitious character) | Scientists | Monsters | Fiction, horror | Frankenstein (fictitious character), fiction | Physicians, fiction | British fiction (fictional works by one author) | Scientists, fiction | Geneva (Switzerland), fiction | Horror stories | Fiction, science fiction, general | Fiction, general | Horror tales | Frankenstein (Shelley, Mary Wollstonecraft) | English fiction | Fiction, gothic | Monsters, fiction | English literature | Shelley, Mary Wollstonecraft, 1797-1851 | English fiction (collections), 19th century | Literature and fiction, horror and ghost stories | Readers | Science fiction, history and criticism | Horror tales, history and criticism | Monstrous | Novela | Horror fiction | British and irish fiction (fictional works by one author) | Fiction, historical, general | English Science fiction | English Horror tales | Scientists in literature | Monsters in literature | Science, experiments, fiction | Reincarnation | Fiction, science fiction, hard science fiction | Switzerland, fiction | Literature and fiction, women authors | Literature, history and criticism | Science fiction | Monstres | Classic science fiction | Horror and supernatural fiction | Classic fiction | Science in literature | Illustration | Gothic fiction | English language, juvenile literature | Frankenstein, Victor (Fictitious character) -- Fiction | Science & technology in literature | Literary styles & movements - fiction | English fiction & prose literature - general & miscellaneous - literary criticism | Horror literature - literary criticism | Shelley, mary wollstonecraft , 1797-1851 | Classics | Horror | Gothic | Mary shelley | Mary wollstonecraft shelley | Women authors | Ya | Young adult | Literature | Madness | Mad | Epistolary fiction | ghost | Drama (dramatic works by one author) | Gothic literature"
"62a4144e-d799-4c9a-af68-d42c4f71217b","Fruits Basket Vol. 1","Natsuki Takaya","SEM SUGESTÃO","0",""
"5ab45964-9c56-47a9-85ed-998f0aa7359a","Fullmetal Alchemist Vol. 1","Hiromu Arakawa","HQs","1","Alchemy | Brothers | Comic books, strips"
"7d2f8526-20bf-44c0-93ee-1c44400b112d","Fun Home","Alison Bechdel","HQs","3","Cartoonists | Graphic novels | Comic books, strips | Closeted gays | Homosexuality | Lesbians | Family relationships | Lesbian cartoonists | Biography | Novela gráfica | Novelas gráficas | Caricaturistas | Muñequitos, tiras cómicas | Reading Level-Grade 7 | Reading Level-Grade 9 | Reading Level-Grade 8 | Reading Level-Grade 11 | Reading Level-Grade 10 | Reading Level-Grade 12 | Comics & graphic novels, nonfiction, general | Lesbians, biography | LGBTQ biography and memoir | LGBTQ graphic novels | Stonewall Book Awards | Lambda Literary Awards | Lambda Literary Award Winner | nyt:paperback-graphic-books=2012-05-20 | New York Times bestseller | New York Times reviewed | collection:judy_grahn_award=winner | collectionID:TexChallenge2021 | Homosexualität | collectionID:KellerChallenge | Tecknade serier | Family Relations | SOCIAL SCIENCE | Lesbian Studies | Tochter | Comiczeichnerin | Serietecknare | Mishnah | collectionID:bannedbooks | Fathers and daughters | Fiction | collection:israel_fishman_non-fiction_award=winner"
"04805d9c-f6b7-49e0-9d7d-aa404e01aae4","Fundacao","Isaac Asimov","SEM SUGESTÃO","0",""
"a58bd2e7-519f-427b-b520-626545728104","Gabriela, Cravo e Canela","Jorge Amado","Romance","2","Brazilian Love stories | Cuentos de amor brasileños | Ficción | Fiction | Social life and customs | Translations into Russian | Women | Women cooks | Cooks | Love stories | Brazilian Romance fiction | Brazil, fiction | Fiction, general"
"160c67ce-dffd-4904-a292-e28f8cf1b191","Garota Exemplar","Gillian Flynn","SEM SUGESTÃO","0",""
"e9139e19-c3d3-4dfe-aba8-1aa1c68aff45","Good Omens","Neil Gaiman","Fantasia","1","End of the world | Humorous | Fantasy fiction | Fiction | Prophecies | Occult fiction | Witches | Humorous fiction | Apocalypse | Roman | Sorcières | Antichrist | Angels | Fiction, fantasy, contemporary | Fiction, humorous | fantasy | humor | Fiction, fantasy, general | nyt:trade-fiction-paperback=2019-06-23 | New York Times bestseller | New York Times reviewed | Fiction, humorous, general | Fin du monde | Romans, nouvelles | Large type books | Prophéties | Livres en gros caractères | Large print books"
"83269fde-eacd-4b57-80f6-2e34c0a9f967","Grande Sertao: Veredas","Joao Guimaraes Rosa","SEM SUGESTÃO","0",""
"9a2571d1-0137-4e8d-a871-43780f272acf","Guerra e Paz","Lev Tolstoi","SEM SUGESTÃO","0",""
"51297f04-a43b-4a5d-938d-36708aed0e4c","Haikyu!! Vol. 1","Haruichi Furudate","SEM SUGESTÃO","0",""
"6a89d5dd-f150-4780-a299-beea21821b0c","Hamlet","William Shakespeare","HQs","2","performing arts | Stage history | Reyes, reinas, soberanos | Venganza | History and criticism | Criticism and interpretation | LITERARY CRITICISM | Succession | Fathers | Regicide | Tragedy | classic literature | fathers succession | quartos | regicides | English literature | production and direction | inheritance and succession | Britons | English plays | ageing parents | scripts | English young adult drama | fathers and daughters | English language | open_syllabus_project | Drama | Princes | English drama (Tragedy) | English drama | Texts | Kings and rulers | Murder victims' families | Revenge | Plays | Death | Homicide | Drama texts, plays | Drama texts: from c 1900 - | Fiction | Murder victims'   families | Shakespeare | Children's plays | Drama texts | Shakespeare plays | Tragedies | Victims of crimes | Readers | Adaptations | Hamlet (Shakespeare, William) | Quelle | Edition | Textual Criticism | Critique textuelle | British and irish drama (dramatic works by one author) | English literature, history and criticism | Shakespeare, william, 1564-1616 | English literature, outlines, syllabi, etc. | English literature, study and teaching | Theatre | Literature | Shakespeare, william, 1564-1616, adaptations | british and irish"" | Miscellanea | Bibliography | Motion pictures | Hamlet (Motion picture : 1948) | Sources | Miniature books | Specimens | Outlines, syllabi | Study and teaching | Problems, exercises | Hamlet (Motion picture : 1996) | English drama, history and criticism, 17th century | Readers for new literates | Study guides | Children's literature | Dramatic production | Theater | Shakespeare, william, 1564-1616, criticism and interpretation | Children's fiction | Denmark, fiction | Fiction, historical, general | Comic books, strips, etc. | Drama (dramatic works by one author) | Early modern and Elizabethan | Vengeance | Hamlet | Hamlet (legendary character)--drama | Princes--denmark--drama | Pr2807.a2 b46 1988 | General | Mathematics, study and teaching | Outlines, syllabi, etc | Kings and rulers -- Succession -- Drama | Murder victims' families -- Drama | Fathers -- Death -- Drama | Revenge -- Drama | Princes -- Drama | Denmark -- Drama | Princes in literature | Curricula | Harvard University | Legends | Early works to 1800 | English Verse drama | collection:Name | juvenile literature | Juvenile drama | English | Literature, collections | Roycroft Shop. 1902 | Textbooks for foreign speakers | Reading | Promptbooks | Shakespeare, william, 1564-1616, hamlet | In literature | Hamlet (Legendary character) | Comic books, strips | Juvenile fiction | Graphic novels | Translations into Russian | Modern Literature | Philosophy | Periodicals | Film adaptations | English literature, history and criticism, early modern, 1500-1700 | Weak Leadership | War and Politics | Loyalty and Betrayal | Theater programs | King of Denmark Claudius (Fictitious character) | Polonius (Fictitious character : Shakespeare) | Horatio (Fictitious character : Shakespeare) | Laertes (Fictitious character : Shakespeare) | Technique | World War, 1939-1945 | Jews | Translations of Shakespeare | Translations into French | Pharmaceutical Preparations"
"ae71d2af-13b0-4e57-b842-491a44837aee","Harry Potter e a Pedra Filosofal","J.K. Rowling","SEM SUGESTÃO","0",""
"76d2926f-9a32-4eba-9499-fa258867e136","Heartstopper Vol. 1","Alice Oseman","SEM SUGESTÃO","0",""
"35d5f964-36f8-495c-a4a4-c91f90c489ce","Hell House","Richard Matheson","Terror","2","Demoniac possession | Fiction | Haunted houses | Sexuality | Young men | Fiction, horror | Comics & graphic novels, horror"
"d85b444b-b9b6-4410-b130-462301185326","Hex","Thomas Olde Heuvelt","Terror","2","Haunted places | Witches | Fiction | Fiction, horror | Dutch fiction | Translations into English | Witches - Fiction | Historical fiction | Horror tales"
"6f70cccd-41d4-4b30-9152-b0635c6e1c8d","Homo Deus","Yuval Noah Harari","SEM SUGESTÃO","0",""
"9c1d1a2f-2546-4a18-8241-f3a12739090c","Hooked","Nir Eyal","SEM SUGESTÃO","0","Consumer behavior | New products | Consumers' preferences | Produktentwicklung | Verbraucher | Gewohnheit | Abhängigkeit | Manipulation"
"995c1845-edf4-4c46-a07b-355b86401b41","Hyperion","Dan Simmons","Ficção Científica","2","American Science fiction | Hugo Award Winner | award:hugo_award=1990 | award:hugo_award=novel | Ciencia-ficcio n. | Long Now Manual for Civilization | Fiction, science fiction, action & adventure | Extraterrestrial beings | Pilgrims and pilgrimages | Interplanetary voyages | Fiction | Drama | Fantasy | Future life | Life on other planets | Jesuits | Space colonies | Good and evil | Fiction, science fiction, general | Imaginary places, fiction | Science-fiction américaine | Littérature américaine"
"2e2e7a3e-4514-429f-b1e9-3f0f5efd5f26","Inteligencia Emocional","Daniel Goleman","SEM SUGESTÃO","0","Psicologia | Inteligência emocional"
"b28f64e3-8c9e-444a-82f4-0a257b5f544e","Iracema","Jose de Alencar","História","1","Texts | Portuguese language | Brazil, biography"
"cfaebd81-fcfd-4ef0-be71-e7e32655d3dc","It: A Coisa","Stephen King","SEM SUGESTÃO","0",""
"0cc71a32-289f-443a-a8cf-7f345465126b","Jane Eyre","Charlotte Bronte","Romance","2","Fiction | Romance | Historical"" | Man-woman relationships, fiction | Charity schools, fiction | Married people, fiction | Married men | fiction"" | Country homes, fiction | Fathers and daughters, fiction | Open Library Staff Picks | Orphans, fiction | Young women, fiction | Married men, fiction | Mentally ill women, fiction | Family secrets, fiction | Manners and customs, fiction | Upper class, fiction | Gothic fiction | Literature | Governesses, fiction | Detente | Social life and customs | Classic Literature | Juvenile fiction | England in fiction | Landowners | Americans | English fiction | New School for Social Research (New York, N.Y. : 1919-1997) | Love stories | Sources | History | Bildungsromans | Reading Level-Grade 7 | Reading Level-Grade 9 | Reading Level-Grade 8 | Reading Level-Grade 11 | Reading Level-Grade 10 | Reading Level-Grade 12 | Teddy bears | Criticism and interpretation | Children's stories | Study guides | Examinations | Social classes | Readers for new literates | Adaptations | Families | English literature | British and irish fiction (fictional works by one author) | England, fiction | Frau | Jane Eyre (Brontë, Charlotte) | Children's fiction | Love, fiction | Literature and fiction (general) | Literature and fiction, women authors | Fiction, psychological | English literature, outlines, syllabi, etc. | English literature, history and criticism | Comics & graphic novels, general | Great britain, social life and customs, fiction | Fiction, coming of age | Readers | English language, textbooks for foreign speakers | Secrecy | Cartoons and comics | Governesses in literature | Japanese fiction | Gouvernantes | Romans, nouvelles | Mœurs et coutumes | Relations entre hommes et femmes | Governesses--england--fiction | Pr4167.j5 d38 2006 | 823.8 | Pr4167 .j3 2000 | 823/.8 | Pr4167.j5 l88 2016 | Fiction, sagas | Governesses | Fathers and daughters | Mentally ill women | Charity-schools | Married people | Country homes | Young women | Orphans | Long Now Manual for Civilization | Man-woman relationships | Rape victims | Women | Feminism | English drama | Drama | Family secrets | Manners and customs | Sotho language | Dictionaries | English"
"68b376c5-499f-47ca-bb68-da54738dec2e","Jogos Vorazes","Suzanne Collins","SEM SUGESTÃO","0",""
"9a246ef6-cac2-4696-af9e-5b6900554358","Jonathan Strange e Mr. Norrell","Susanna Clarke","SEM SUGESTÃO","0",""
"522ca47b-8687-4d7d-9fb5-c88072ad0fd0","Jujutsu Kaisen Vol. 1","Gege Akutami","Mangás","1","nyt:graphic-books-and-manga=2021-02-07 | New York Times bestseller"
"b928bffc-4647-4d88-bc02-35d672c77936","Kindred","Octavia E. Butler","Ficção Científica","2","Fiction | Slaves | African American women | Slaveholders | Slavery | Time travel | Literature | open_syllabus_project | Historical | Science Fiction | African American | Contemporary Women | Fiction, science fiction, general | Slaves, fiction | African americans, fiction | Los angeles (calif.), fiction | Southern states, fiction | Fiction, psychological | Fiction, african american & black, general | Fourth dimension | Popular reading | Enslaved persons, fiction | American literature | Teen fiction | Fiction subjects | Science fiction & fantasy"
"bf876a85-7ba6-45da-871e-57d63d87747c","Klara e o Sol","Kazuo Ishiguro","SEM SUGESTÃO","0",""
"cd83b446-2e47-4bfc-9d69-2aa807761859","Layla","Colleen Hoover","Suspense","2","Romance | Thriller | Paranormal | Fiction | Mystery | Mystery Thriller | Fantasy | Contemporary | collection:Name"
"7531839f-dc9a-47d0-96f6-162e56164b64","Lugares Escuros","Gillian Flynn","SEM SUGESTÃO","0",""
"f705755e-3456-4074-a295-da276a10f6ba","Madame Bovary","Gustave Flaubert","Romance","1","literary fiction | French literature | Fiction | Manners and customs, fiction | Adultery | Middle class | Physicians' spouses | Suicide victims | Married women | Social life and customs | French fiction | Technique | Suicide | Husband and wife | History | Physicians | Intellectual life | Classic Literature | Spouses | Country life | Women | Continental european fiction (fictional works by one author) | France, fiction | Physicians, fiction | Married people, fiction | Fiction, family life | Trials, litigation | Literary | Young men | Unrequited love | Romance literature | Trials (Obscenity) | Criticism and interpretation | Criticism | Wives | Médecins | Romans, nouvelles | Conjoints | Suicidés | Couples mariés | Vie intellectuelle | Mœurs et coutumes | Man-woman relationships, fiction | Triangles (Interpersonal relations), fiction | Relations entre hommes et femmes | Triangle (Relations humaines) | Roman français | Chang pian xiao shuo | General | Commerce | Qing Dynasty (China | Illustraties | Frans | FICTION / General | Married women--france--fiction | Pq2246.m2 e5 2003 | 843.8 | French Novelists | Correspondence | Charles Bovary (Fictitious character) | Long Now Manual for Civilization | Fiction, general | Emma Bovary (Fictitious character) | Manners and customs | Novel | Bovary, Charles (Personnage fictif) | Bovary, Emma (Personnage fictif) | Femmes mariées | Man-woman relationships | Married people | Femmes | Histoire | Translations into English | French Authors | Écrivains français | Littérature française | Madame Bovary (Flaubert, Gustave) | English fiction | Roman anglais | 212307 | Triangles (Interpersonal relations) | Husbands and wives | Autographs | Facsimiles | Qing Dynasty (China)"
"d4323216-6185-4e33-b4e3-37e0dcd1882b","Mais Esperto que o Diabo","Napoleon Hill","SEM SUGESTÃO","0",""
"f3f14e30-1b84-40a3-b04a-c537d08f3b2a","Matadouro-Cinco","Kurt Vonnegut","SEM SUGESTÃO","0",""
"1ad22455-a901-4215-bc87-d1c1c2963893","Maus","Art Spiegelman","HQs","3","New York Times bestseller | nyt:paperback_graphic_books=2011-09-17 | graphic novel | history | Nazi | Art Spiegelman | concetration camp | ww2 | Holocaust survivors | Children of holocaust survivors | Comics & graphic novels, nonfiction, biography & memoir | Holocaust, jewish (1939-1945) | Comics & graphic novels, general | Comic books, strips | Biography | Graphic novels | Holocaust, Jewish (1939-1945) fast (OCoLC)fst00958866 | Holocaust survivors, United States | Holocaust, Jewish (1939-1945), Poland, Biography | Children of Holocaust survivors, United States, Biography | New York Times reviewed | Survivants de l'Holocauste | Biographies | Judenvernichtung | Medicine | Fiction | Bandes dessinées | Holocauste, 1939-1945 | Enfants de survivants de l'Holocauste | collectionID:MausBan | Banned books | Maus (Comic strip) | Comic books, strips, etcspiegelman, art | Comic books, strips, etcspiegelman, vladek | Holocaust, jewish (1939-1945)--biography--comic books, strips, etc | Holocaust, jewish (1939-1945)--poland--biography--comic books, strips, etc | Holocaust survivors--biography--comic books, strips, etc | Holocaust survivors--united states--biography--comic books, strips, etc | Children of holocaust survivors--biography--comic books, strips, etc | Children of holocaust survivors--united states--biography--comic books, strips, etc | D810.j4 s643 1992x | World War, 1939-1945 | Jewish Personal narratives | Holocaust | Concentration Camps | World War II | Jews | Comic | Überlebender | Engelsk skönlitteratur | Förintelsen | Biografi | Tecknade serier | Förintelsens överlevande | Holocaust, Jewish (1939-1945) fast (OCoLC)fst00958866 (uri) http://id.worldcat.org/fast/fst00958866 | World War (1939-1945) fast (OCoLC)fst01180924 (uri) http://id.worldcat.org/fast/fst01180924 | Pariser Friedenskonferenz 1919-1920 Paris Polish Delegation gnd | Metropolitan Museum of Art | Long Now Manual for Civilization | Fathers and sons | Nazis | Cartoons and comics | Survivors | History, 20th Century | Parent-Child Relations | Holocaust, jewish (1939-1945), personal narratives | Comics & graphic novels, nonfiction, general | World war, 1939-1945, personal narratives, jewish | nyt:hardcover-graphic-books=2012-08-19 | Comicbooks, strips | Collections from individual artists | American strip cartoons | open_syllabus_project | Juifs | Poland | United States | Comics & graphic novels, horror | Comics & graphic novels, literary | Comics & graphic novels, religious | collectionID:bannedbooks | Cartoons | Autobiography"
"5307bc9d-ceb3-4c8b-af6b-22f53371c593","Maze Runner","James Dashner","Ficção Científica","2","Fiction | Science fiction | Amnesia | Cooperativeness | Labyrinths | Juvenile Fiction | Children's fiction | Amnesia, fiction | Mazes | Escapes | Dystopian | Young Adult Fiction | Social Themes | Visionary & Metaphysical | Boys & Men | Dystopias | Friendship | Reading Level-Grade 7 | Reading Level-Grade 9 | Reading Level-Grade 8 | Reading Level-Grade 11 | Reading Level-Grade 10 | Reading Level-Grade 12 | nyt:paperback-books=2010-09-12 | New York Times bestseller | Amnesiacs | Maze puzzles | Cooperation | Memory | Survival"
"f33edf77-b6e9-4bee-9a19-d0f750d98ee2","Me Chame Pelo Seu Nome","Andre Aciman","SEM SUGESTÃO","0",""
"8339471c-11dc-4166-8327-aa5f118fddb5","Meditacoes","Marco Aurelio","SEM SUGESTÃO","0",""
"6a855a73-1ee7-4318-8b12-bcdbec06fdba","Memorial do Convento","Jose Saramago","Romance","1","History | Fiction | Romance fiction | Portuguese fiction | Convento de Mafra"
"2dcb8769-ce09-4952-8ceb-3e1a1f2267ef","Memorias Postumas de Bras Cubas","Machado de Assis","Romance","1","Romance brasileiro | Continental european fiction (fictional works by one author) | Social life and customs | Dead | Fiction | Romance literature | Fiction, general | Autobiography | Ghost stories | Aristocracy (Social class) | FICTION / Classics | Classics | Architectural Decoration and ornament | Medieval Architecture | Architecture | Brazil, fiction | Interpersonal relations | Rich people | Brazilian literature | Translations into English"
"5a653b5f-376f-4287-ada8-f863b33cdf6f","Mexican Gothic","Silvia Moreno-Garcia","Terror","3","English literature | nyt:combined-print-and-e-book-fiction=2020-07-19 | New York Times bestseller | Fiction, gothic | Fiction, historical | Mexico, fiction | Fiction, historical, general | nyt:trade-fiction-paperback=2021-07-11 | Haunted houses | Fiction | Families | Family secrets | Gothic | Horror | Ghosts | Research | Debutantes | Cousins | Country homes | Maisons hantées | Romans, nouvelles | Familles | Secrets de famille | Collection:Canada Reads | collection:Canada Reads 2023 | Historical Fiction | Mystery | Fantasy | Thriller | Historical"
"f3dcd7f1-55a1-44dd-a90c-a9aa7e1a58fa","Mindfulness em Oito Semanas","Mark Williams","SEM SUGESTÃO","0",""
"9178bbae-79b5-4d7d-bcdf-4982bbb89d9b","Mindset","Carol S. Dweck","Negócios","2","Belief and doubt | Nonfiction | Psychological aspects | Psychological aspects of Success | Psychology | Success | Selbstbild | Erfolg | Attitude | Set (Psychology) | Achievement | Success, psychological aspects | Self-confidence | Self-actualization (psychology) | Achievement motivation | Croyance et doute | Succès | Aspect psychologique | Cognitive Psychology | SCIENCE | Cognitive Science | Success--psychological aspects | Business & economics / personal success | Psychology / social psychology | Self-help / personal growth / success | Bf773 .d85 2016 | 153.8 | Éxito | Aspectos psicológicos | Creencia y duda | Psychology Set"
"d27081ce-2709-4af8-9e0e-c904b4bdf8cd","Misery","Stephen King","Terror","2","dope | pills | American Novelists | Captives | Fans (Persons) | Fiction | Novelists | Prisoners | Suspense fiction | Writers | abuse | fear | horror | isolation | prisoner | suspense | thriller | Nurses | American Horror stories | Horror tales | Pepsi | Fiction, horror | American literature | Authors, fiction | American fiction | Literary | Thrillers | Fiction, thrillers, suspense | Fiction, science fiction, general | Horror - General | Horror & ghost stories | Fiction - Horror | Zhang pian xiao shuo"
"dfff591b-7a1c-40e1-b12d-48fca2ae9482","Mistborn: O Imperio Final","Brandon Sanderson","SEM SUGESTÃO","0",""
"30a7c096-4ba8-4a39-a434-15ecf983dffb","Moby Dick","Herman Melville","Ficção Científica","1","American Sea stories | Mentally ill | Whaling | Science Fiction & Fantasy | Whales | great_books_of_the_western_world | Translations into French | Literature | Captain Ahab (Fictitious character) | American Adventure stories | Sailors | Sea stories | Classic Literature | Whaling in literature | Open Library Staff Picks | open_syllabus_project | Fiction | Ship captains | Whaling ships | Chasse | Whales in literature | Shipwrecks | Baleines | Long Now Manual for Civilization | General | American fiction (fictional works by one author) | Ahab, captain (fictitious character), fiction | Whaling, fiction | Whales, fiction | Fiction, action & adventure | Fiction, psychological | Literature and fiction (general) | Fiction, sea stories | Fiction, fantasy, epic | Poetry (poetic works by one author) | American literature, history and criticism | Sea stories, history and criticism | Literature and fiction, action and adventure | Illustrations | Pictorial works | Drama (dramatic works by one author) | Picture-writing in literature | Readers (Primary) | Readers for new literates | Adventure and adventurers, fiction | Ballenas | Ficción | Capitanes de barcos | Enfermos mentales | Naufragios | Cuentos de mar | Novela psicológica | Romance literature | Epic literature | Adventure fiction | Allegories | Whalers (Persons) | Drama | Revenge | Prohibition | Achab (Personnage fictif) | Romans, nouvelles | Capitaines de navire | Personnes vivant avec un trouble de santé mentale | Action & Adventure | Walfang | Moby Dick (Melville, Herman) | Fiction, historical, general | Fiction, general | Moby Dick | Literatura infantil | Ahab, captain (fictitious character) | Ahab, captain (fictitious character)--fiction | Whales--fiction | Whaling--fiction | Whaling ships--fiction | Ship captains--fiction | Mentally ill--fiction | Shipwrecks--fiction | Sailors--fiction | Fate and fatalism | Symbolism | Récits de mer | Fictional Works | Academic Literacy | Reading Level-Grade 8 | Reading Level-Grade 9 | Reading Level-Grade 10 | Reading Level-Grade 11 | Reading Level-Grade 12 | Psychology | Psychological fiction | History | Swedish Artists | Human-animal relationships | Obsessive-compulsive disorder | Metaphorical tales"
"b80324bb-da9a-4a47-b962-f18f1d50035d","Monster Vol. 1","Naoki Urasawa","HQs","2","Comics & graphic novels, east asian style, manga, fantasy | manga"
"4ac76071-e861-4cdd-985f-ddd194a1d514","Morte no Nilo","Agatha Christie","SEM SUGESTÃO","0",""
"e47542d6-ca78-4cc1-b7f3-4cea774588c1","My Hero Academia Vol. 1","Kohei Horikoshi","HQs","3","High schools | Schools | Graphic novel | High school students | Manga | Superheroes | Comic books, strips | Graphic novels | Comics & graphic novels, manga, science fiction | nyt:manga=2015-08-23 | New York Times bestseller"
"06f3d3ef-9493-4a12-89d2-626612a61837","Nana Vol. 1","Ai Yazawa","HQs","1","Women | Man-woman relationships | Comic books, strips | Female friendship"
"07049557-bf92-403b-8b96-3db097928b33","Naruto Vol. 1","Masashi Kishimoto","SEM SUGESTÃO","0",""
"5d2d21ed-d81f-4fcc-9f5d-7b74c40d022f","Neuromancer","William Gibson","Ficção Científica","3","Information superhighway | Computer hackers | Conspiracies | Open Library Staff Picks | Ciencia-ficción | Fiction | Science fiction | Business intelligence | Nervous system | Wounds and injuries | Long Now Manual for Civilization | Hackers | Cyberspace | Virtual reality | Reading Level-Grade 7 | Reading Level-Grade 9 | Reading Level-Grade 8 | Reading Level-Grade 11 | Reading Level-Grade 10 | Reading Level-Grade 12 | Hugo Award Winner | award:hugo_award=1985 | award:hugo_award=novel | Fiction, science fiction, hard science fiction | award:nebula_award=novel | Sprawl Trilogy | Fiction, science fiction, cyberpunk | Japan, fiction | Fiction, science fiction, general | Hackers (fiction) | Business intelligence--fiction | Information superhighway--fiction | Nervous system--wounds and injuries | Nervous system--wounds and injuries--fiction | Conspiracies--fiction | Ps3557.i2264 n48 2000 | 813/.54 | American Cyberpunk fiction | Specimens | Cyberpunk fiction | Matrix (Imaginary place)"
"16b816f6-dc1e-4c8a-b037-ac7350780be6","Never Let Me Go","Kazuo Ishiguro","Ficção Científica","1","Fiction | Organ donors | Cloning | Donation of organs, tissues | Women | Literature | New York Times bestseller | nyt:trade_fiction_paperback=2010-09-05 | Human cloning | Science fiction | Fiction, psychological | Fiction, science fiction, general | England, fiction | Large type books | School children | Reminiscing | Friendship | English literature | Ishiguro, kazuo, 1954- | Powieść angielska | Tłumaczenia polskie | Femmes | Romans, nouvelles | Clonage | Donneurs d'organes | Dons d'organes, de tissus | Novela inglesa | Psychological fiction | Literary | Donation of organs, tissues, etc | Donation of organs, tissues, etc--fiction | Women--fiction | Cloning--fiction | Organ donors--fiction | Pr6059.s5 n48 2006 | Fic | Donación de órganos, tejidos | Mujeres | Novela psicológica | Donantes de órganos | Boarding schools | Ficción | Ciencia-ficción | Clonación humana | Internados (Escuelas)"
"b24d8f4f-5475-451e-8672-76405140d2e3","Nimona","ND Stevenson","HQs","3","Fantasy comics | Science fiction comics | Graphic novels | Good and evil -- Fiction | Shapeshifting -- Fiction | Knights and knighthood | Shapeshifting | Comic books, strips | Supervillains | Monsters | Dragons | Fantasy | Science fiction | Juvenile fiction | Fiction | Cartoons and comics | Fantasy fiction | Comic books, strips, etc. | nyt:hardcover-graphic-books=2015-05-31 | New York Times bestseller | New York Times reviewed | Metamorfosis | Dragones | Ficción juvenil | Libros de caricaturas, tiras cómicas | Monstruos | Supervillanos | Children's stories, American | YOUNG ADULT FICTION | Comics & Graphic Novels | Humorous | Fantasy graphic novels | Metamorphosis | Science fiction graphic novels | Basic reader | Shapeshifting--comic books, strips, etc | Comic books, strips, etc | Comic books, strips, etc--united states | Supervillains--comic books, strips, etc | Monsters--comic books, strips, etc | Dragons--comic books, strips, etc | Imaginary wars and battles | Imaginary wars and battles--comic books, strips, etc | Pz7.7.s7453 ni 2015 | 741.5973"
"adc5bed1-9e1b-4974-93e9-390f3664c66f","No Escuro","Elizabeth Haynes","SEM SUGESTÃO","0",""
"acdf775d-14cb-438c-b86e-228f94499118","Nona Casa","Leigh Bardugo","SEM SUGESTÃO","0",""
"5163c402-1334-4dc0-9369-689bde93b375","Normal People","Sally Rooney","Romance","2","sex | romance | contemporary | Dublin (ireland) | fiction | Man-woman relationships | literary fiction | nyt:combined-print-and-e-book-fiction=2019-05-05 | New York Times bestseller | New York Times reviewed | Fiction, romance, contemporary | Dublin (ireland), fiction | Man-woman relationships, fiction | English literature | First loves | Social classes | College students | New Fiction | FICTION / Coming of Age | FICTION / Literary | FICTION / Psychological | Coming of Age | Literary | Psychological | Man-woman relationship | Best friends | 18.05 English literature | Romance fiction | Love stories | Best friends - Fiction | Étudiants | Romans, nouvelles | Large type books | Premier amour | Classes sociales | Relations entre hommes et femmes | Livres en gros caractères | Adult | Novels"
"0ee0c2e4-cfb5-4281-87e6-2e1546f3f4a3","Novembro, 9","Colleen Hoover","SEM SUGESTÃO","0",""
"f4bb2de4-a40b-4117-a6ad-c6a77390c45a","O Alquimista","Paulo Coelho","HQs","3","Translations into Indonesian | Voyages and travels | Fiction | Portuguese Fiction | Self-realization | Alchemists | Young men | Shepherds | New York Times bestseller | nyt:trade_fiction_paperback=2008-01-05 | nyt:trade_fiction_paperback=2007-12-02 | Fiction, visionary & metaphysical | Spain, fiction | FICTION / Literary | BODY, MIND & SPIRIT / Spirituality / General | BODY, MIND & SPIRIT / Inspiration & Personal Growth | Fables | Translations from English | Thai fiction | French language | Reading materials | Russian language edition | Powieść brazylijska | Tłumaczenia polskie | Comics & graphic novels, general | Mexican literature | Alquimia | Novela | Pastores | Andalucía (España) | Alquimistas | Large type books | Fiction, fantasy, general | Alchemy | Quests (Expeditions) | Literary | BODY, MIND & SPIRIT | Spirituality | General | Inspiration & Personal Growth | Expeditions | Parodies, imitations | Comic books, strips | Graphic novels | Translations into Russian | Literature | Ficción | Reading Level-Grade 11 | Reading Level-Grade 10 | Reading Level-Grade 12"
"672b95a5-60d5-4b74-b778-875d36811b8b","O Amor nos Tempos do Colera","Gabriel Garcia Marquez","SEM SUGESTÃO","0",""
"c02bfc8b-7a05-40f5-992e-c3b022087fcf","O Aprendiz de Assassino","Robin Hobb","SEM SUGESTÃO","0",""
"28e8084b-c110-451b-83c4-c6706527e348","O Banquete","Platao","Filosofia","1","Philosophy"
"b4b104a7-853d-4d6c-8e92-b2ae8e3419ea","O Bebe de Rosemary","Ira Levin","SEM SUGESTÃO","0",""
"854fa66b-feb3-4179-995a-2f71c409fbcc","O Cacador de Pipas","Khaled Hosseini","SEM SUGESTÃO","0",""
"0f2cd4fe-f1da-4af8-805c-5609f28b7f63","O Caminho dos Reis","Brandon Sanderson","SEM SUGESTÃO","0",""
"0986fba6-55f6-4bdd-bc53-863a7ec24e6b","O Casal que Mora ao Lado","Shari Lapena","SEM SUGESTÃO","0",""
"49239798-a9a2-4dd6-9ded-7259294373e8","O Cemiterio","Stephen King","SEM SUGESTÃO","0",""
"e41d8ad4-1a8f-42fa-b783-7dbb099ec4e9","O Chamado de Cthulhu","H.P. Lovecraft","SEM SUGESTÃO","0",""
"c6d7340c-9dd9-4bb1-b509-1829c1c9227f","O Codigo Da Vinci","Dan Brown","SEM SUGESTÃO","0",""
"cd09acec-178a-4bfd-8b4a-ed497cd42d47","O Conto da Aia","Margaret Atwood","SEM SUGESTÃO","0",""
"0243c27f-576d-4d74-bcf7-2b078a14d0d7","O Contrato Social","Jean-Jacques Rousseau","SEM SUGESTÃO","0",""
"ed63dfa3-83d4-459c-b4a7-b3659985f9c2","O Cortico","Aluisio Azevedo","SEM SUGESTÃO","0",""
"3cd57607-1fb1-4869-a01d-a56c6f5c7138","O Diario de Anne Frank","Anne Frank","SEM SUGESTÃO","0",""
"35133906-5b08-4632-a43d-e4c9e701ca75","O Dilema da Inovacao","Clayton M. Christensen","SEM SUGESTÃO","0",""
"6d32d979-f2c7-46e0-b51c-43457d05e52b","O Estrangeiro","Albert Camus","SEM SUGESTÃO","0",""
"f1802b97-34b1-4ac7-a2f8-6e0b114d42ed","O Exorcista","William Peter Blatty","SEM SUGESTÃO","0",""
"68513257-b795-4e78-b8a5-1a54c06e6cc5","O Fim da Eternidade","Isaac Asimov","SEM SUGESTÃO","0",""
"c5e77689-1a2c-44d9-b248-6ef6885664e3","O Fim da Infancia","Arthur C. Clarke","SEM SUGESTÃO","0",""
"0939fe64-c518-4a8b-94b3-748e4994e158","O Gene","Siddhartha Mukherjee","SEM SUGESTÃO","0",""
"2a49096f-f1d9-4908-9b88-7ad918e4e954","O Gestor Eficaz","Peter F. Drucker","SEM SUGESTÃO","0",""
"7066d9b7-67fb-4959-af69-37cf262e76a9","O Guia do Mochileiro das Galaxias","Douglas Adams","SEM SUGESTÃO","0",""
"0fe9b656-ce5f-44ba-82c8-7b3401b38b11","O Hobbit","J.R.R. Tolkien","SEM SUGESTÃO","0",""
"1cc0b678-a150-48dc-af8e-c3a374a7a987","O Homem de Giz","C.J. Tudor","SEM SUGESTÃO","0",""
"c39bcd33-5651-43ff-8cdc-1e1a30706e3c","O Homem do Castelo Alto","Philip K. Dick","SEM SUGESTÃO","0",""
"304bfa02-e8c3-43c5-bcd0-9b588c61d48d","O Homem mais Rico da Babilonia","George S. Clason","SEM SUGESTÃO","0",""
"b222d7b5-f93f-4ec9-a5fa-2702815a6987","O Iluminado","Stephen King","SEM SUGESTÃO","0",""
"da563f1b-80fa-474c-91dd-73bd9b8c26fb","O Investidor Inteligente","Benjamin Graham","SEM SUGESTÃO","0",""
"e2846b7d-d6b8-4b19-9266-45b62ef9c13f","O Jeito Disney de Encantar os Clientes","Disney Institute","SEM SUGESTÃO","0",""
"e3c7f56f-87eb-4c8f-871b-2318dbacc123","O Lado Feio do Amor","Colleen Hoover","SEM SUGESTÃO","0",""
"aadad5ca-3d66-40a9-9adf-d85810ba5dce","O Ladrao de Raios","Rick Riordan","SEM SUGESTÃO","0",""
"e75b9cb3-beed-4b93-b3b5-38c9abb9bf61","O Leao, a Feiticeira e o Guarda-Roupa","C.S. Lewis","SEM SUGESTÃO","0",""
"05e25feb-bf39-416d-bde9-73de9653e61e","O Medico e o Monstro","Robert Louis Stevenson","SEM SUGESTÃO","0",""
"ad7a4ea9-64c2-47d2-aa65-d4157fa5171f","O Milagre da Manha","Hal Elrod","SEM SUGESTÃO","0",""
"6607f74c-10fd-456f-bd4f-6ade615efa6e","O Monge e o Executivo","James C. Hunter","SEM SUGESTÃO","0",""
"ab28be31-c58b-456f-a8c5-f587da573f93","O Morro dos Ventos Uivantes","Emily Bronte","SEM SUGESTÃO","0",""
"53992159-3259-47aa-ab70-2370fced2153","O Mundo de Sofia","Jostein Gaarder","SEM SUGESTÃO","0","Ficc ʹa o norueguesa"
"c8db334b-70dd-42b0-91e0-6904d8b4bef5","O Nome da Rosa","Umberto Eco","SEM SUGESTÃO","0",""
"6bb5d0af-d2fc-4af1-8850-be9bc3651a1d","O Pequeno Principe","Antoine de Saint-Exupery","SEM SUGESTÃO","0",""
"3135d767-4569-40b9-bad8-c4da4e5eb3e8","O Peso do Passaro Morto","Aline Bei","SEM SUGESTÃO","0",""
"59c62e5a-4e68-489a-9f8e-78e88d12159c","O Poder da Acao","Paulo Vieira","SEM SUGESTÃO","0",""
"996eb981-b756-4aa9-a37b-4c0a2a44568e","O Poder do Agora","Eckhart Tolle","SEM SUGESTÃO","0",""
"4f573b36-50b3-486c-ac22-0735cfe0e880","O Poder do Habito","Charles Duhigg","SEM SUGESTÃO","0",""
"fb7cb5cb-1b8f-4cc7-aa68-1f523af41a4c","O Principe","Nicolau Maquiavel","SEM SUGESTÃO","0",""
"7460cf0e-ead9-4924-b279-89ea05b653be","O Priorado da Laranjeira","Samantha Shannon","SEM SUGESTÃO","0",""
"7c1b690d-d400-4976-88de-bb1a9e01532e","O Problema dos Tres Corpos","Cixin Liu","SEM SUGESTÃO","0",""
"fc47c2ee-9841-44ce-808d-f929d830829b","O Processo","Franz Kafka","SEM SUGESTÃO","0",""
"94e14d9f-282f-4112-a2e4-de806e45140b","O Programador Pragmatico","Andrew Hunt","SEM SUGESTÃO","0",""
"8ba947a2-667c-431e-bac0-d2915254032c","O Quinze","Rachel de Queiroz","SEM SUGESTÃO","0",""
"6a01845c-64e4-455f-ad12-218bdb4d85f8","O Retorno do Rei","J.R.R. Tolkien","SEM SUGESTÃO","0",""
"fb40cb5d-803e-46f3-ad67-657f3faec7ab","O Retrato de Dorian Gray","Oscar Wilde","SEM SUGESTÃO","0",""
"45721bd3-9122-4019-b4ed-61f1da074819","O Segundo Sexo","Simone de Beauvoir","SEM SUGESTÃO","0",""
"5e949de7-b9df-456c-b854-20bb9b938995","O Silencio dos Inocentes","Thomas Harris","SEM SUGESTÃO","0",""
"0b90292b-ca65-4723-91dc-4e8abcde456c","O Silmarillion","J. R. R. Tolkien","SEM SUGESTÃO","0",""
"8d6fc8c4-7d94-4414-a7fd-8886d8e19d61","O Sol e Para Todos","Harper Lee","SEM SUGESTÃO","0",""
"eb1eedb2-6713-459b-a89f-e996bd5b612c","O Temor do Sabio","Patrick Rothfuss","SEM SUGESTÃO","0",""
"5f0dc502-4948-421b-acda-7581bb000a87","Objetos Cortantes","Gillian Flynn","SEM SUGESTÃO","0",""
"68c1dedc-9293-48dc-9c3d-b834c99d6647","Olhos d Agua","Conceicao Evaristo","SEM SUGESTÃO","0","Black Women | Fiction | Mothers"
"5e103b0d-1a4b-4200-897d-79ff83484b62","One Piece Vol. 1","Eiichiro Oda","HQs","3","series:one_piece | Swordsmen | Pirates | Adventure and adventurers | Cartoons and comics | Comic books, strips | Fiction | Comics & graphic novels, manga, fantasy | collectionid:OPomb"
"d842ef98-8a31-41a0-bc8b-89420e1361f4","Orgulho e Preconceito","Jane Austen","SEM SUGESTÃO","0",""
"d0a38d03-551c-403e-8bb3-5750919c9f77","Os 7 Habitos das Pessoas Altamente Eficazes","Stephen R. Covey","SEM SUGESTÃO","0",""
"a4ee26e3-ad91-4ad6-b7f4-1dfa63b91c3c","Os Despossuidos","Ursula K. Le Guin","SEM SUGESTÃO","0",""
"46c6058c-255a-4550-bbb6-1f144bd1fa82","Os Dois Morrem no Final","Adam Silvera","SEM SUGESTÃO","0",""
"2f40163c-0cb1-4bfc-86d6-bd145f5c8a6a","Os Irmaos Karamazov","Fiodor Dostoievski","SEM SUGESTÃO","0",""
"21f20b54-a194-4eff-94f7-b8172e8cdac1","Os Segredos da Mente Milionaria","T. Harv Eker","SEM SUGESTÃO","0",""
"1016c1a7-3ddc-4d79-936b-d6a494287e62","Os Sete Maridos de Evelyn Hugo","Taylor Jenkins Reid","SEM SUGESTÃO","0",""
"24a262e2-43c3-4903-ad30-2214770c11dd","Outsider","Stephen King","Suspense","3","Murder | Rape victims | Alibi | Fiction | Shapeshifters | Criminal Evidence | Investigation | Large type books | Fiction, horror | Fiction, thrillers | Fiction, thrillers, general | nyt:combined-print-and-e-book-fiction=2018-06-10 | New York Times bestseller | New York Times reviewed | Psychological Horror | Horror | Thriller | Mystery | Crime | Mystery Thriller | Fantasy | Supernatural | Suspense | Children | Crimes against"
"2dc68044-89f3-4dd6-8045-5d7210f6e1a4","Pai Rico, Pai Pobre","Robert T. Kiyosaki","SEM SUGESTÃO","0",""
"d5bd7dc6-ec4f-4964-9d22-d16960ea39b5","Para Todos os Garotos que Ja Amei","Jenny Han","SEM SUGESTÃO","0",""
"e7658414-1797-410a-bdba-11231af11e08","Pequena Coreografia do Adeus","Aline Bei","SEM SUGESTÃO","0",""
"fdea1cba-7272-4ea1-8067-bd0b4be5f84e","Percy Jackson e o Ladrao de Raios","Rick Riordan","SEM SUGESTÃO","0",""
"685c059e-6226-4432-96e5-9377b4d25290","Perdido em Marte","Andy Weir","SEM SUGESTÃO","0",""
"95c1d26c-2bd9-4492-8f7f-7852565c9dbf","Persépolis","Marjane Satrapi","HQs","3","Comic books, strips, etc. | Emigration and immigration -- Psychological aspects | Families | Girls | Graphic novels | History | Iran-Iraq War | Islamic fundamentalism | Personal narratives | Revolution, 1979 | Social conditions | Teenage girls | Long Now Manual for Civilization | Basic reader | Revolution (Iran : 1979) fast (OCoLC)fst01354530 | Erwachsenwerden | Cartoons and comics | COMICS & GRAPHIC NOVELS / Nonfiction | Psychological aspects | Emigration and immigration | BIOGRAPHY & AUTOBIOGRAPHY / Personal Memoirs | Islamiska revolutionen 1979 | Biography | Cartoonists | Tecknade serier | Iran | Historia | BIOGRAPHY & AUTOBIOGRAPHY / Women | Foreign countries | Iranians | Comic books, strips | Women illustrators | Iranian Women authors | Personal Memoirs | Nonfiction | BIOGRAPHY & AUTOBIOGRAPHY | COMICS & GRAPHIC NOVELS | Women | Comics & graphic novels, nonfiction, general | Iran, biography | Women, biography | nyt:paperback-graphic-books=2009-09-13 | New York Times bestseller | Chauvinism and jingoism | War | Practical Politics | Politics and government | Social life and customs | Coming of age | 15.75 history of Asia | Manners and customs | Islam | Iran-Iraq War, 1980-1988 | Art | Authors, biography | Girls, biography | Nonfiction graphic novels | Pictorial works | Autobiographical comic books, strips | Niñez y juventud | Childhood and youth | Muñequitos, tiras cómicas"
"3dbb0297-7d0a-441a-91bc-23b930cd2cc3","Persuasao","Jane Austen","SEM SUGESTÃO","0",""
"9c98ba7a-7452-40b6-8b39-60d831d66df9","Perto do Coracao Selvagem","Clarice Lispector","História","1","Translations into English | Portuguese Authors | Brazilian fiction, history and criticism | Fiction, general | Brazilian literature | Brazilian fiction"
"a6abf38c-77d1-447c-8cf7-23ffc8b9fe6b","Pessoas Normais","Sally Rooney","SEM SUGESTÃO","0",""
"ffceb8a0-2bf5-4f39-907e-bb316981a553","Pet Sematary","Stephen King","Suspense","2","fiction | thrillers | suspense | horror | occult | psychological trauma | spinal meningitis | flashback | heart attack | burial ground | Micmac Indians | World War II | solitaire | pet cemeteries | death | Juvenile audience | pets | Paranormal fiction | Horror fiction | Horror tales | Cemeteries | Animals | Country life | Resurrection | Ficción | Resurrección | Sobrenatural | Fiction, horror | Large type books | Creed, louis (fictitious character), fiction | Maine, fiction | General | Fiction - General"
"5a2c6ddc-234b-479e-bf42-4d6f6701f7ad","Posicionamento","Al Ries","SEM SUGESTÃO","0","Propaganda"
"207a40e4-45e3-494c-bcee-9a36781a7022","Projeto Hail Mary","Andy Weir","SEM SUGESTÃO","0",""
"7cecb465-819e-4999-8982-d0af7ad652ad","Quarto de Despejo","Carolina Maria de Jesus","História","1","Poor | Social life and customs | Race relations | Blacks | Social conditions | Rural conditions | Childhood and youth | Biography | Sao Paulo (Brazil) | Poverty | Cities and towns | Autobiography | Brazil, biography | Women, biography | Poor--brazil--são paulo | Hn290.s33 j43 2003"
"8fa212d1-5a44-4d3c-8327-353ee9591c81","Quem Pensa Enriquece","Napoleon Hill","SEM SUGESTÃO","0",""
"7f8e8bb2-f7b4-4f35-a506-74127ee8c959","Quincas Borba","Machado de Assis","História","1","Fiction | History | Continental european fiction (fictional works by one author) | Fiction, general | Language and languages, study and teaching | Pq9697.m18 q513 1998 | 869.3"
"01c2125d-6398-4ecb-8d38-78b09fe52537","Rapido e Devagar","Daniel Kahneman","SEM SUGESTÃO","0",""
"9cb89abd-2714-4564-a57a-9198840214b1","Razao e Sensibilidade","Jane Austen","SEM SUGESTÃO","0",""
"fd2285a7-355e-4211-a544-6b98b6587a45","Recursao","Blake Crouch","SEM SUGESTÃO","0",""
"6d21e216-d3e7-4cc9-8acc-58c2c9b1ac12","Refactoring","Martin Fowler","Tecnologia","3","Software refactoring | Object-oriented programming (Computer science)"
"4ad07346-92a2-4279-8edb-51930c99fb2f","Reino do Amanha","Mark Waid e Alex Ross","SEM SUGESTÃO","0",""
"0c2ac36c-8680-4396-a7c5-6671288b2807","Romeu e Julieta","William Shakespeare","SEM SUGESTÃO","0",""
"bbb32cf1-5138-4afd-a931-1e6032c5c9a4","Roube como um Artista","Austin Kleon","SEM SUGESTÃO","0",""
"bd7cb3fc-77a7-4bdb-beda-6ee76bfb808d","Saga Vol. 1","Brian K. Vaughan e Fiona Staples","SEM SUGESTÃO","0",""
"97a53935-e5b0-453c-8ede-9ada5f327215","Saga Vol. 1","Brian K. Vaughan","HQs","2","Comics & graphic novels, science fiction, general"
"27a21ab5-218f-41b9-a14d-0ccf0bf0ec5f","Salem","Stephen King","Terror","2","Catholic Church | arson | Great Depression | hitmen | Horror fiction | City and town life | Cuentos de terror | Fiction | Vampires | Adapted for Television | horror tales | Reading Level-Grade 9 | Reading Level-Grade 11 | Reading Level-Grade 10 | Reading Level-Grade 12 | Authors | Fiction, occult & supernatural | Fiction, horror | Authors, fiction | Large type books | Vampires, fiction | New england, fiction | Maine, fiction | Écrivains | Romans, nouvelles | Polish language materials | Literatura grozy amerykańska | Tłumaczenia polskie | Powieść amerykańska | American Horror tales | crucifixes | rosaries | devotional medals | Douay–Rheims Bible | myocardial infarction | short stories | manservants | Puritans | Madonna and Child | inverted crosses | runes | De Vermis Mysteriis | occult | rail fence ciphers | bastards | suicide | inbreeding | witchcraft | cults | eastern whip-poor-wills | nosferatu | undead | Vampires -- Fiction. | City and town life -- Fiction. | Maine -- Fiction."
"4d03dea2-19ab-4dec-9f2b-e9ca1e753123","Sandman: Preludios e Noturnos","Neil Gaiman","SEM SUGESTÃO","0",""
"f21256bc-a78a-4209-bb57-8c82155796ab","Sao Bernardo","Graciliano Ramos","SEM SUGESTÃO","0","Fiction"
"79ec1191-a995-4138-ac85-ce19a1d10cfe","Sapiens: Uma Historia Grafica","Yuval Noah Harari","SEM SUGESTÃO","0",""
"a4c22c02-1478-45cc-b450-08650c4fbdf0","Scott Pilgrim Vol. 1","Bryan Lee O Malley","HQs","2","Comics & graphic novels, general"
"4f5dbe68-6725-4818-97ce-7b9b1fbd4728","Sem Esperanca","Colleen Hoover","SEM SUGESTÃO","0",""
"7f731c71-7d38-416e-ab47-20b8831c746e","Senhora","Jose de Alencar","Clássicos","1","Fiction | Women | Modern fiction | Brazilian Novel And Short Story | Literature - Classics / Criticism | European - Spanish & Portuguese | Literary | Brazil | Rio de Janeiro (Brazil) | Brazil, fiction | Fiction, general | Social conditions"
"640559d6-bba4-436e-a52c-9673d0cab288","Seveneves","Neal Stephenson","Ficção Científica","2","Survival | Exploration | Disasters | Fiction | Fiction, science fiction, general | nyt:hardcover-fiction=2015-06-07 | New York Times bestseller | New York Times reviewed | Space colonies | Pioneers | End of the world | American Science fiction | Life on other planets | Exploration of outer space | Earth (planet) | Fiction, science fiction, action & adventure | Long Now Manual for Civilization"
"11b91dca-9bfa-443c-9586-0049f083d214","Simon vs. A Agenda Homo Sapiens","Becky Albertalli","SEM SUGESTÃO","0",""
"b41824d3-9f89-49ea-baf8-c970eabcf144","Slam Dunk Vol. 1","Takehiko Inoue","HQs","3","Basketball | Basketball stories | Juvenile fiction | High school students | Basketball players | Comic books, strips | Basketball teams | High schools | Cartoons and comics | Graphic novels | Translations into English | Sports stories | Comics & graphic novels, manga, sports | Japan, fiction"
"ab493968-0bdd-47ac-ad27-027f8b6fc0d5","Snow Crash","Neal Stephenson","Ficção Científica","4","American Science fiction | Open Library Staff Picks | ready player one | Fiction | Science fiction | Suspense | open_syllabus_project | American fiction | Fiction, science fiction, general | Fiction, humorous | Virtual reality | Fiction, science fiction, hard science fiction | Fiction, humorous, general | Fiction, fantasy, general | Hackers | Computer viruses | Cyberpunk culture | Cyberspace | Sumerian Mythology | Long Now Manual for Civilization | Cyberpunk | Fantasy | Dystopia | Science Fiction Fantasy | Novels | Speculative Fiction"
"3fd2404d-cf21-484a-aeed-89f90e36ec64","Sociedade do Cansaco","Byung-Chul Han","SEM SUGESTÃO","0",""
"14f7238b-2e50-4b24-b96e-0e963c4f9257","Solaris","Stanislaw Lem","Ficção Científica","1","Translations into English | English fiction | Polish Science fiction | Polish fiction | Translations from Polish | Science fiction | Fiction, science fiction, general | Slavic philology | Life on other planets | Fiction | Emotions | Memory | Psychologists"
"cf014202-2fc9-4735-b046-78e5d9c5bf73","Solitario","Alice Oseman","SEM SUGESTÃO","0",""
"bbdbde3e-2a05-4b86-aeef-73c0b963e37e","Sombra e Ossos","Leigh Bardugo","SEM SUGESTÃO","0",""
"ac609493-ff87-4caa-8356-8fcd65bd0a39","SPQR","Mary Beard","História","1","Historia | History | Rome, history | Histoire | Antike | Romerska riket | Kejsare | nyt:paperback-nonfiction=2016-09-25 | New York Times bestseller"
"a180d06b-9dc4-49a2-94ea-dd40d0109880","Sprint","Jake Knapp","Negócios","3","prototyping | design thinking | sprint | design | Creative ability in business | Management | Problem solving | nyt:business-books=2016-04-10 | New York Times bestseller | Organizational innovation | Hd30.29 .k63 2016 | 658.4/03 | Success in business | Strategic planning | Entrepreneurship"
"8e79b2f6-c4b4-483e-90a3-ff8f0c24f9d4","Spy x Family Vol. 1","Tatsuya Endo","Mangás","1","nyt:graphic-books-and-manga=2021-05-09 | New York Times bestseller"
"6a097ae8-6333-4efe-b4bd-030be0efadba","Steve Jobs","Walter Isaacson","Negócios","2","TECHNOLOGY & ENGINEERING / General | History | Inc Apple Computer | BIOGRAPHY & AUTOBIOGRAPHY / Business | Computer engineers | Businesspeople | Biography | BUSINESS & ECONOMICS / General | New York Times bestseller | nyt:hardcover_business_books=2012-02-25 | Chief executive officers | TECHNOLOGY & ENGINEERING | Life Change Events | Biographies | Businessmen | Autoformation | Business | Développement d'aptitudes | General | BIOGRAPHY & AUTOBIOGRAPHY | Relations humaines | Computer industry | BUSINESS & ECONOMICS | Reading Level-Grade 11 | Reading Level-Grade 12 | Apple computer, inc. | Jobs, steve, 1955-2011 | Businesspeople, biography | Large type books | Negociantes | Ingenieros | Biografía | Ingenieros en computación | Empresarios | Industria de computadoras | Historia | nyt:combined-print-and-e-book-nonfiction=2011-11-13 | New York Times reviewed | nyt:paperback-nonfiction=2013-09-29 | Success in business | Leadership | Liderazgo | Apple Computers | University of Berkeley | Celebrities | Informaticiens | Apple Computer | Histoire | Chefs de direction | Vietnamese language materials | Gens d'affaires | Qi ye jia | Zhuan ji | Événements stressants de la vie | BUSINESS & ECONOMICS/Leadership/ | BIOGRAPHY & AUTOBIOGRAPHY/Business/ | COMPUTERS/History/ | Science & Technology | Mechanical | Apple Computer Inc | Popular Works"
"15275f7d-7ac7-4543-8aca-3edc468fef32","Superinteligencia","Nick Bostrom","SEM SUGESTÃO","0",""
"4f6c8b0e-748e-4a10-bb28-36c07c1cf0cb","Superman: Entre a Foice e o Martelo","Mark Millar","SEM SUGESTÃO","0",""
"7dd9d7c1-c269-47e2-9ddc-81fe9bfe567f","Talvez Um Dia","Colleen Hoover","SEM SUGESTÃO","0",""
"e11d512a-a43a-4127-802d-3a2a43e0f3dd","The Clean Coder","Robert C. Martin","Filosofia","1","Computer programmers | Computer programming | Moral and ethical aspects | Professional ethics | Computer programming--moral and ethical aspects | Computer programmers--professional ethics"
"ec764e21-05ae-44f7-b1f1-cde4be9d889e","Todas as Suas Imperfeicoes","Colleen Hoover","SEM SUGESTÃO","0",""
"2987eb4b-ef9b-46f3-86b2-5ad65fc825e5","Tokyo Ghoul Vol. 1","Sui Ishida","HQs","2","Comics & graphic novels, manga, horror | nyt:manga=2015-07-05 | New York Times bestseller"
"09540280-59c4-43f6-b6c7-caf5c59ea93f","Torto Arado","Itamar Vieira Junior","Fantasia","1","Magic realism (Literature) | Accidents | Domestic fiction | Families | farmers | fiction | novels | sisters | Romance fiction | Portuguese fiction"
"36fd84d0-c067-4f59-997f-5c4e13c9582d","Trono de Vidro","Sarah J. Maas","SEM SUGESTÃO","0",""
"1acd330f-1a49-4e8b-925a-49cc17242d59","Tudo e Rio","Carla Madeira","SEM SUGESTÃO","0",""
"276a4a2b-4e6d-4afe-a81f-54ffc8866a86","Ubik","Philip K. Dick","Ficção Científica","1","Fiction | Death | Businessmen | Explosions | Science Fiction | Fiction, science fiction, general | Iowa, fiction | Fiction, humorous | FICTION / Science Fiction / General | FICTION / Literary | Large type books | Motion picture plays | Fiction, humorous, general | Murder victims | Terrorism | Death--fiction | Businessmen--fiction | Explosions--fiction | Science fiction, american | Ps3554.i3 u24 1991 | 813/.54 | American Science fiction | Time"
"10fdb878-6851-42b7-b011-e48ae73a0d51","Um Dia","David Nicholls","SEM SUGESTÃO","0",""
"d8c861dc-707f-463f-8d02-3055d35da742","Uma Breve Historia do Tempo","Stephen Hawking","SEM SUGESTÃO","0",""
"13a82657-51aa-4446-ab37-8627e2051d14","V de Vinganca","Alan Moore","SEM SUGESTÃO","0",""
"fe9ea584-a65b-444c-a91b-96e15c3247b8","V de Vinganca","Alan Moore e David Lloyd","SEM SUGESTÃO","0",""
"4d404492-31d0-4fcb-a08c-218668e94012","Vagabond Vol. 1","Takehiko Inoue","HQs","2","Comics & graphic novels, manga, historical fiction | Samurai, fiction"
"4ffe6b15-0e83-4ae7-97b5-5b13c1824ab2","Verity","Colleen Hoover","Romance","1","Fiction, romance, contemporary, suspense | New York Times bestseller | Family secrets in fiction | Man-woman relationships, fiction | Secrecy in fiction | Fiction | Romance | collectionid:nyt2020s | Man-woman relationships"
"3fbfa3bc-360d-45b4-a7f8-80c3c5684a3c","Vermelho, Branco e Sangue Azul","Casey McQuiston","SEM SUGESTÃO","0",""
"fff8be11-280f-4423-baef-4bc09b443a6d","Vida 3.0","Max Tegmark","SEM SUGESTÃO","0",""
"444d7b0e-8b8e-4881-b345-77e54617fb1a","Vidas Secas","Graciliano Ramos","SEM SUGESTÃO","0","Illustrations | Seca in literature | Myth in literature | In literature | Literature | Vidas secas (Ramos, Graciliano)"
"be72da85-282a-4059-b525-3de2f22dc3a5","Vilao","V.E. Schwab","SEM SUGESTÃO","0",""
"82c784c8-948f-4b85-afed-63ac23afbdeb","Vinland Saga Vol. 1","Makoto Yukimura","SEM SUGESTÃO","0",""
"adb008ba-7fed-424d-a4ca-cedc1a0f56c9","Watchmen","Alan Moore","HQs","3","Watchmen (Comic strip) | Graphic novels | Comic books, strips | New York Times bestseller | nyt:paperback_graphic_books=2009-03-15 | Comics & graphic novels, science fiction | Superheroes | Crimes against | Comics & graphic novels, superheroes | Good and evil | Fiction | Bandes dessinées | Comicroman | Heroes | Bandes dessinees | Comic books, strips, etc | Pn6737.m66 w38 2005b | Comics & graphic novels, science fiction, general | Homicide | Superhero graphic novels | Comics & graphic novels, crime & mystery | Comics & Graphic Novels | Science fiction | Fantasy | Comic books | Classics | Dystopias"
"09773f85-f5e7-4bb0-8c79-fd5cec1db407","Wolf Hall","Hilary Mantel","História","2","Biographical fiction | Fiction | History | Man Booker Prize Winner | award:national_book_critics_circle_award=fiction | award:national_book_critics_circle_award=2009 | award:man_booker_prize=2009 | New York Times bestseller | Historical Fiction | National Book Critics Circle Award Winner | nyt:trade_fiction_paperback=2010-08-29 | Fictional Works | National book critics circle award | Fiction, historical | Great britain, fiction | Interpersonal relations | Court and courtiers | Courts and courtiers | Politik | New York Times reviewed | Fiction, historical, general | Historischer Roman | Englisch | Romans, nouvelles | Histoire"
"20e9c444-ddc8-4b15-a315-a279dcb78354","X-Men: Deus Ama, o Homem Mata","Chris Claremont","SEM SUGESTÃO","0",""
